{"schemaVersion":"1.0","appDefinitionTemplate":{"id":"/providers/Microsoft.PowerApps/apps/","type":"Microsoft.PowerApps/apps","tags":{"primaryDeviceWidth":"3439","primaryDeviceHeight":"1186","supportsPortrait":"true","supportsLandscape":"true","primaryFormFactor":"Tablet","publisherVersion":"3.22083.10","minimumRequiredApiVersion":"2.2.0","hasComponent":"false","hasUnlockedComponent":"false","isUnifiedRootApp":"false","sienaVersion":"20220827T152633Z-3.22083.10.0"},"properties":{"appVersion":"2022-08-27T15:26:33Z","lifeCycleId":"Published","createdByClientVersion":{"major":3,"minor":22083,"build":10,"revision":0,"majorRevision":0,"minorRevision":0},"minClientVersion":{"major":3,"minor":22083,"build":10,"revision":0,"majorRevision":0,"minorRevision":0},"backgroundColor":"rgba(0, 94, 146, 1)","backgroundImageUri":"/17041079159810660633/N61a7c67e-ebf9-4b3c-995b-6681e35d3f8e-logoSmallFile","displayName":"Document Manager","description":"","commitMessage":"","appUris":{"documentUri":{"value":"/17041079159810660633/N7ec6ee35-fce4-4168-b0e8-4ff06728b3d6-document.msapp"},"imageUris":[],"additionalUris":[]},"createdTime":"0001-01-01T00:00:00Z","lastModifiedTime":"0001-01-01T00:00:00Z","sharedGroupsCount":0,"sharedUsersCount":0,"icons":{"smallIconUri":"/17041079159810660633/Nc6a23d64-c006-41f4-8b5b-4f11c79826c5-small.png","mediumIconUri":"/17041079159810660633/Nade2df0b-d81b-45bc-9881-a0afc4bd920d-medium.png","largeIconUri":"/17041079159810660633/N0203412d-fbc6-4779-8e88-7c93444aecc1-large.png","wideIconUri":"/17041079159810660633/N19f47e27-9704-4179-b6ff-293c842d564c-wide.png"},"connectionReferences":{},"databaseReferences":{},"almMode":"Environment","performanceOptimizationEnabled":true,"canConsumeAppPass":true,"enableModernRuntimeMode":false,"executionRestrictions":{"isTeamsOnly":false,"dataLossPreventionEvaluationResult":{"status":"Compliant","lastEvaluationDate":"2022-08-27T11:14:15.5053269Z","violations":[],"violationsByPolicy":[],"violationErrorMessage":"The app uses the following connectors: ."}}},"appType":"ClassicCanvasApp","appComponents":[]}}