﻿<xml xmlns:s="uuid:BDC6E3F0-6DA3-11d1-A2A3-00AA00C14882"
 xmlns:dt="uuid:C2F41010-65B3-11d1-A29F-00AA00C14882"
 xmlns:rs="urn:schemas-microsoft-com:rowset"
 xmlns:z="#RowsetSchema">
<s:Schema id="RowsetSchema">
<s:ElementType name="row" content="eltOnly" rs:updatable="true">
<s:AttributeType name="Cls" rs:number="0">
<s:datatype dt:type="string"/>
</s:AttributeType>
<s:AttributeType name="Sev" rs:number="1">
<s:datatype dt:type="int"/>
</s:AttributeType>
<s:AttributeType name="Maj" rs:number="2">
<s:datatype dt:type="string"/>
</s:AttributeType>
<s:AttributeType name="Min" rs:number="3">
<s:datatype dt:type="string"/>
</s:AttributeType>
<s:AttributeType name="LN" rs:number="4">
<s:datatype dt:type="int"/>
</s:AttributeType>
<s:AttributeType name="Fil" rs:number="5">
<s:datatype dt:type="string"/>
</s:AttributeType>
<s:AttributeType name="Fun" rs:number="6">
<s:datatype dt:type="string"/>
</s:AttributeType>
<s:AttributeType name="Uid" rs:number="7">
<s:datatype dt:type="int"/>
</s:AttributeType>
<s:AttributeType name="Msg" rs:number="8">
<s:datatype dt:type="string"/>
</s:AttributeType>
<s:AttributeType name="PID" rs:number="9">
<s:datatype dt:type="int"/>
</s:AttributeType>
<s:AttributeType name="TID" rs:number="10">
<s:datatype dt:type="int"/>
</s:AttributeType>
<s:AttributeType name="Con" rs:number="11">
<s:datatype dt:type="string"/>
</s:AttributeType>
<s:AttributeType name="Exe" rs:number="12">
<s:datatype dt:type="string"/>
</s:AttributeType>
<s:AttributeType name="Mod" rs:number="13">
<s:datatype dt:type="string"/>
</s:AttributeType>
<s:AttributeType name="Err" rs:number="14">
<s:datatype dt:type="int"/>
</s:AttributeType>
<s:AttributeType name="MD" rs:number="15">
<s:datatype dt:type="hexBinary"/>
</s:AttributeType>
<s:AttributeType name="DT" rs:number="16">
<s:datatype dt:type="dateTime"/>
</s:AttributeType>
</s:ElementType>
</s:Schema>
<rs:data>
<z:row Cls="D" Sev="50331648" Maj="Def" Min="Def" LN="1205" Fil="" Fun="ActionPlatform::GetValue" Uid="51314688" Msg="ActionPlatform::GetValue: Error from RegQueryValueEx on value SysprepMode under key HKEY_LOCAL_MACHINE\Software\Microsoft\Windows\CurrentVersion\Setup\Sysprep; dwRet = 0x2" PID="904" TID="2520" Con="" Exe="C:\Windows\system32\sysprep\sysprep.exe" Mod="sysprep.exe" Err="0" MD="" DT="2017-09-15T09:31:42"/>
<z:row Cls="D" Sev="50331648" Maj="Def" Min="Def" LN="1205" Fil="" Fun="ActionPlatform::GetValue" Uid="51314688" Msg="ActionPlatform::GetValue: Error from RegQueryValueEx on value SysprepMode under key HKEY_LOCAL_MACHINE\Software\Microsoft\Windows\CurrentVersion\Setup\Sysprep; dwRet = 0x2" PID="904" TID="2520" Con="" Exe="C:\Windows\system32\sysprep\sysprep.exe" Mod="sysprep.exe" Err="0" MD="" DT="2017-09-15T09:31:43"/>
<z:row Cls="D" Sev="50331648" Maj="Def" Min="Def" LN="638" Fil="" Fun="RunRegistryDlls" Uid="51314831" Msg="RunRegistryDlls:Registry key is either empty or malformed: SOFTWARE\Microsoft\Windows\CurrentVersion\Setup\SysPrepExternal\Cleanup" PID="904" TID="2520" Con="" Exe="C:\Windows\system32\sysprep\sysprep.exe" Mod="sysprep.exe" Err="0" MD="" DT="2017-09-15T09:31:44"/>
<z:row Cls="D" Sev="50331648" Maj="Def" Min="Def" LN="638" Fil="" Fun="RunRegistryDlls" Uid="51314831" Msg="RunRegistryDlls:Registry key is either empty or malformed: SOFTWARE\Microsoft\Windows\CurrentVersion\Setup\SysPrepExternal\Generalize" PID="904" TID="2520" Con="" Exe="C:\Windows\system32\sysprep\sysprep.exe" Mod="sysprep.exe" Err="0" MD="" DT="2017-09-15T09:31:44"/>
<z:row Cls="D" Sev="50331648" Maj="Def" Min="Def" LN="1205" Fil="" Fun="ActionPlatform::GetValue" Uid="51314688" Msg="ActionPlatform::GetValue: Error from RegQueryValueEx on value SysprepMode under key HKEY_LOCAL_MACHINE\Software\Microsoft\Windows\CurrentVersion\Setup\Sysprep; dwRet = 0x2" PID="904" TID="2520" Con="" Exe="C:\Windows\system32\sysprep\sysprep.exe" Mod="sysprep.exe" Err="0" MD="" DT="2017-09-15T09:31:44"/>
<z:row Cls="D" Sev="50331648" Maj="Def" Min="Def" LN="274" Fil="" Fun="DelNode" Uid="51314688" Msg="MSS: Cleanup cannot delete Directory C:\ProgramData\Microsoft\Search\Data\Applications\Windows in Windows Search Data Directory with error 0x3." PID="904" TID="2520" Con="" Exe="C:\Windows\system32\sysprep\sysprep.exe" Mod="mssrch.dll" Err="3" MD="" DT="2017-09-15T09:31:45"/>
<z:row Cls="D" Sev="50331648" Maj="Def" Min="Def" LN="323" Fil="" Fun="Cleanup" Uid="51314688" Msg="MSS: Cleanup call failed to delete data folder C:\ProgramData\Microsoft\Search\Data\Applications\Windows - error 0x0." PID="904" TID="2520" Con="" Exe="C:\Windows\system32\sysprep\sysprep.exe" Mod="mssrch.dll" Err="3" MD="" DT="2017-09-15T09:31:45"/>
<z:row Cls="D" Sev="50331648" Maj="Def" Min="Def" LN="71" Fil="" Fun="RetainTapiLocations" Uid="50331648" Msg="TapiSysPrep.dll:RetainTapiLocations:RegQueryValueEx() returned 2" PID="904" TID="2520" Con="" Exe="C:\Windows\system32\sysprep\sysprep.exe" Mod="tapisysprep.DLL" Err="0" MD="" DT="2017-09-15T09:31:47"/>
<z:row Cls="D" Sev="50331648" Maj="Def" Min="Def" LN="797" Fil="" Fun="ActionPlatform::DeleteValue" Uid="51314688" Msg="ActionPlatform::DeleteValue: Registry value SysprepMode to be deleted does not exist under key HKEY_LOCAL_MACHINE\Software\Microsoft\Windows\CurrentVersion\Setup\Sysprep" PID="904" TID="2520" Con="" Exe="C:\Windows\system32\sysprep\sysprep.exe" Mod="sysprep.exe" Err="0" MD="" DT="2017-09-15T09:31:47"/>
<z:row Cls="D" Sev="50331648" Maj="Def" Min="Def" LN="1205" Fil="" Fun="ActionPlatform::GetValue" Uid="51314688" Msg="ActionPlatform::GetValue: Error from RegQueryValueEx on value SysprepMode under key HKEY_LOCAL_MACHINE\Software\Microsoft\Windows\CurrentVersion\Setup\Sysprep; dwRet = 0x2" PID="904" TID="2520" Con="" Exe="C:\Windows\system32\sysprep\sysprep.exe" Mod="sysprep.exe" Err="0" MD="" DT="2017-09-15T09:31:47"/>
<z:row Cls="D" Sev="50331648" Maj="Def" Min="Def" LN="2160" Fil="" Fun="ConfigureBootCriticalDriverPackages" Uid="51314688" Msg="SPPNP: Failed to configure netvwifibus.inf. Err = 0x2" PID="2152" TID="2144" Con="" Exe="C:\Windows\System32\drvinst.exe" Mod="sppnp.dll" Err="0" MD="" DT="2017-09-15T09:32:16"/>
<z:row Cls="D" Sev="50331648" Maj="Def" Min="Def" LN="4124" Fil="" Fun="Sysprep_Generalize_Pnp_Drivers" Uid="51314688" Msg="SPPNP: Unable to configure all driver packages. Err = 0x2" PID="2152" TID="2144" Con="" Exe="C:\Windows\System32\drvinst.exe" Mod="sppnp.dll" Err="0" MD="" DT="2017-09-15T09:32:24"/>
<z:row Cls="D" Sev="50331648" Maj="Def" Min="Def" LN="3279" Fil="" Fun="CleanupPlugAndPlayData" Uid="51314688" Msg="SPPNP: Could not clear event log Microsoft-Windows-Kernel-PnPConfig/Configuration. Err = 0x3A9F" PID="904" TID="2520" Con="" Exe="C:\Windows\system32\sysprep\sysprep.exe" Mod="sppnp.dll" Err="15007" MD="" DT="2017-09-15T09:32:24"/>
<z:row Cls="D" Sev="50331648" Maj="Def" Min="Def" LN="714" Fil="" Fun="ActionPlatform::DeleteKey" Uid="51314688" Msg="ActionPlatform::DeleteKey: Registry key HKEY_CURRENT_USER\SOFTWARE\Microsoft\Windows\CurrentVersion\VAN\{7724F5B4-9A4A-4a93-AD09-B06F7AB31035}\HideDisconnectMessage to be deleted does not exist" PID="904" TID="2520" Con="" Exe="C:\Windows\system32\sysprep\sysprep.exe" Mod="sysprep.exe" Err="0" MD="" DT="2017-09-15T09:32:24"/>
<z:row Cls="D" Sev="50331648" Maj="Def" Min="Def" LN="714" Fil="" Fun="ActionPlatform::DeleteKey" Uid="51314688" Msg="ActionPlatform::DeleteKey: Registry key HKEY_LOCAL_MACHINE\SYSTEM\CurrentControlSet\Services\TPM\PlatformQuoteKeys to be deleted does not exist" PID="904" TID="2520" Con="" Exe="C:\Windows\system32\sysprep\sysprep.exe" Mod="sysprep.exe" Err="0" MD="" DT="2017-09-15T09:32:24"/>
<z:row Cls="D" Sev="50331648" Maj="Def" Min="Def" LN="714" Fil="" Fun="ActionPlatform::DeleteKey" Uid="51314688" Msg="ActionPlatform::DeleteKey: Registry key HKEY_LOCAL_MACHINE\SYSTEM\CurrentControlSet\Services\TPM\KeyAttestationKeys to be deleted does not exist" PID="904" TID="2520" Con="" Exe="C:\Windows\system32\sysprep\sysprep.exe" Mod="sysprep.exe" Err="0" MD="" DT="2017-09-15T09:32:24"/>
<z:row Cls="D" Sev="50331648" Maj="Def" Min="Def" LN="797" Fil="" Fun="ActionPlatform::DeleteValue" Uid="51314688" Msg="ActionPlatform::DeleteValue: Registry value WindowsAIKBinding to be deleted does not exist under key HKEY_LOCAL_MACHINE\SYSTEM\CurrentControlSet\Services\TPM\WMI" PID="904" TID="2520" Con="" Exe="C:\Windows\system32\sysprep\sysprep.exe" Mod="sysprep.exe" Err="0" MD="" DT="2017-09-15T09:32:24"/>
<z:row Cls="D" Sev="50331648" Maj="Def" Min="Def" LN="797" Fil="" Fun="ActionPlatform::DeleteValue" Uid="51314688" Msg="ActionPlatform::DeleteValue: Registry value WindowsAIKPub to be deleted does not exist under key HKEY_LOCAL_MACHINE\SYSTEM\CurrentControlSet\Services\TPM\WMI" PID="904" TID="2520" Con="" Exe="C:\Windows\system32\sysprep\sysprep.exe" Mod="sysprep.exe" Err="0" MD="" DT="2017-09-15T09:32:24"/>
<z:row Cls="D" Sev="50331648" Maj="Def" Min="Def" LN="797" Fil="" Fun="ActionPlatform::DeleteValue" Uid="51314688" Msg="ActionPlatform::DeleteValue: Registry value LastPPIRequest to be deleted does not exist under key HKEY_LOCAL_MACHINE\SYSTEM\CurrentControlSet\Services\TPM\WMI" PID="904" TID="2520" Con="" Exe="C:\Windows\system32\sysprep\sysprep.exe" Mod="sysprep.exe" Err="0" MD="" DT="2017-09-15T09:32:24"/>
<z:row Cls="D" Sev="50331648" Maj="Def" Min="Def" LN="797" Fil="" Fun="ActionPlatform::DeleteValue" Uid="51314688" Msg="ActionPlatform::DeleteValue: Registry value ADBackupSrkPubDigest to be deleted does not exist under key HKEY_LOCAL_MACHINE\SYSTEM\CurrentControlSet\Services\TPM\WMI" PID="904" TID="2520" Con="" Exe="C:\Windows\system32\sysprep\sysprep.exe" Mod="sysprep.exe" Err="0" MD="" DT="2017-09-15T09:32:24"/>
<z:row Cls="D" Sev="50331648" Maj="Def" Min="Def" LN="797" Fil="" Fun="ActionPlatform::DeleteValue" Uid="51314688" Msg="ActionPlatform::DeleteValue: Registry value ADBackupCommonName to be deleted does not exist under key HKEY_LOCAL_MACHINE\SYSTEM\CurrentControlSet\Services\TPM\WMI" PID="904" TID="2520" Con="" Exe="C:\Windows\system32\sysprep\sysprep.exe" Mod="sysprep.exe" Err="0" MD="" DT="2017-09-15T09:32:24"/>
<z:row Cls="D" Sev="50331648" Maj="Def" Min="Def" LN="797" Fil="" Fun="ActionPlatform::DeleteValue" Uid="51314688" Msg="ActionPlatform::DeleteValue: Registry value NoPPIClear to be deleted does not exist under key HKEY_LOCAL_MACHINE\SYSTEM\CurrentControlSet\Services\TPM\WMI" PID="904" TID="2520" Con="" Exe="C:\Windows\system32\sysprep\sysprep.exe" Mod="sysprep.exe" Err="0" MD="" DT="2017-09-15T09:32:24"/>
<z:row Cls="D" Sev="50331648" Maj="Def" Min="Def" LN="797" Fil="" Fun="ActionPlatform::DeleteValue" Uid="51314688" Msg="ActionPlatform::DeleteValue: Registry value PPIVersion_Test to be deleted does not exist under key HKEY_LOCAL_MACHINE\SYSTEM\CurrentControlSet\Services\TPM\WMI" PID="904" TID="2520" Con="" Exe="C:\Windows\system32\sysprep\sysprep.exe" Mod="sysprep.exe" Err="0" MD="" DT="2017-09-15T09:32:24"/>
<z:row Cls="D" Sev="50331648" Maj="Def" Min="Def" LN="797" Fil="" Fun="ActionPlatform::DeleteValue" Uid="51314688" Msg="ActionPlatform::DeleteValue: Registry value NoResourceVirtualizationOnNextReboot to be deleted does not exist under key HKEY_LOCAL_MACHINE\SYSTEM\CurrentControlSet\Services\TPM\WMI" PID="904" TID="2520" Con="" Exe="C:\Windows\system32\sysprep\sysprep.exe" Mod="sysprep.exe" Err="0" MD="" DT="2017-09-15T09:32:24"/>
<z:row Cls="D" Sev="50331648" Maj="Def" Min="Def" LN="797" Fil="" Fun="ActionPlatform::DeleteValue" Uid="51314688" Msg="ActionPlatform::DeleteValue: Registry value NoPPIProvision to be deleted does not exist under key HKEY_LOCAL_MACHINE\SYSTEM\CurrentControlSet\Services\TPM\WMI" PID="904" TID="2520" Con="" Exe="C:\Windows\system32\sysprep\sysprep.exe" Mod="sysprep.exe" Err="0" MD="" DT="2017-09-15T09:32:24"/>
<z:row Cls="D" Sev="50331648" Maj="Def" Min="Def" LN="714" Fil="" Fun="ActionPlatform::DeleteKey" Uid="51314688" Msg="ActionPlatform::DeleteKey: Registry key HKEY_LOCAL_MACHINE\Software\Microsoft\WwanSvc\MobileBroadbandAccounts\NetworkInterfaceBindings to be deleted does not exist" PID="904" TID="2520" Con="" Exe="C:\Windows\system32\sysprep\sysprep.exe" Mod="sysprep.exe" Err="0" MD="" DT="2017-09-15T09:32:24"/>
<z:row Cls="D" Sev="50331648" Maj="Def" Min="Def" LN="558" Fil="" Fun="SysprepGeneralize" Uid="51314688" Msg="Failed to call UnloadAndDisableAccessForUser: 0x80070057.
" PID="904" TID="2520" Con="" Exe="C:\Windows\system32\sysprep\sysprep.exe" Mod="AppxSysprep.dll" Err="0" MD="" DT="2017-09-15T09:32:24"/>
<z:row Cls="D" Sev="50331648" Maj="Def" Min="Def" LN="797" Fil="" Fun="ActionPlatform::DeleteValue" Uid="51314688" Msg="ActionPlatform::DeleteValue: Registry value PortableOperatingSystem to be deleted does not exist under key HKEY_LOCAL_MACHINE\SYSTEM\CurrentControlSet\Control" PID="904" TID="2520" Con="" Exe="C:\Windows\system32\sysprep\sysprep.exe" Mod="sysprep.exe" Err="0" MD="" DT="2017-09-15T09:32:25"/>
<z:row Cls="D" Sev="50331648" Maj="Def" Min="Def" LN="797" Fil="" Fun="ActionPlatform::DeleteValue" Uid="51314688" Msg="ActionPlatform::DeleteValue: Registry value ConvertibleSlateMode to be deleted does not exist under key HKEY_LOCAL_MACHINE\SYSTEM\CurrentControlSet\Control\PriorityControl" PID="904" TID="2520" Con="" Exe="C:\Windows\system32\sysprep\sysprep.exe" Mod="sysprep.exe" Err="0" MD="" DT="2017-09-15T09:32:26"/>
<z:row Cls="D" Sev="50331648" Maj="Def" Min="Def" LN="797" Fil="" Fun="ActionPlatform::DeleteValue" Uid="51314688" Msg="ActionPlatform::DeleteValue: Registry value LastFullPayloadTime to be deleted does not exist under key HKEY_LOCAL_MACHINE\Software\Microsoft\Windows\StreamProvider" PID="904" TID="2520" Con="" Exe="C:\Windows\system32\sysprep\sysprep.exe" Mod="sysprep.exe" Err="0" MD="" DT="2017-09-15T09:32:26"/>
<z:row Cls="D" Sev="50331648" Maj="Def" Min="Def" LN="797" Fil="" Fun="ActionPlatform::DeleteValue" Uid="51314688" Msg="ActionPlatform::DeleteValue: Registry value LastTargetUri to be deleted does not exist under key HKEY_LOCAL_MACHINE\Software\Microsoft\Windows\StreamProvider" PID="904" TID="2520" Con="" Exe="C:\Windows\system32\sysprep\sysprep.exe" Mod="sysprep.exe" Err="0" MD="" DT="2017-09-15T09:32:26"/>
<z:row Cls="D" Sev="50331648" Maj="Def" Min="Def" LN="797" Fil="" Fun="ActionPlatform::DeleteValue" Uid="51314688" Msg="ActionPlatform::DeleteValue: Registry value Identity to be deleted does not exist under key HKEY_LOCAL_MACHINE\Software\Microsoft\Windows\SoftwareInventoryLogging" PID="904" TID="2520" Con="" Exe="C:\Windows\system32\sysprep\sysprep.exe" Mod="sysprep.exe" Err="0" MD="" DT="2017-09-15T09:32:26"/>
<z:row Cls="D" Sev="50331648" Maj="Def" Min="Def" LN="797" Fil="" Fun="ActionPlatform::DeleteValue" Uid="51314688" Msg="ActionPlatform::DeleteValue: Registry value SysprepMode to be deleted does not exist under key HKEY_LOCAL_MACHINE\Software\Microsoft\Windows\CurrentVersion\Setup\Sysprep" PID="904" TID="2520" Con="" Exe="C:\Windows\system32\sysprep\sysprep.exe" Mod="sysprep.exe" Err="0" MD="" DT="2017-09-15T09:32:27"/>
</rs:data>
</xml>
<xml xmlns:s="uuid:BDC6E3F0-6DA3-11d1-A2A3-00AA00C14882"
 xmlns:dt="uuid:C2F41010-65B3-11d1-A29F-00AA00C14882"
 xmlns:rs="urn:schemas-microsoft-com:rowset"
 xmlns:z="#RowsetSchema">
<s:Schema id="RowsetSchema">
<s:ElementType name="row" content="eltOnly" rs:updatable="true">
<s:AttributeType name="Cls" rs:number="0">
<s:datatype dt:type="string"/>
</s:AttributeType>
<s:AttributeType name="Sev" rs:number="1">
<s:datatype dt:type="int"/>
</s:AttributeType>
<s:AttributeType name="Maj" rs:number="2">
<s:datatype dt:type="string"/>
</s:AttributeType>
<s:AttributeType name="Min" rs:number="3">
<s:datatype dt:type="string"/>
</s:AttributeType>
<s:AttributeType name="LN" rs:number="4">
<s:datatype dt:type="int"/>
</s:AttributeType>
<s:AttributeType name="Fil" rs:number="5">
<s:datatype dt:type="string"/>
</s:AttributeType>
<s:AttributeType name="Fun" rs:number="6">
<s:datatype dt:type="string"/>
</s:AttributeType>
<s:AttributeType name="Uid" rs:number="7">
<s:datatype dt:type="int"/>
</s:AttributeType>
<s:AttributeType name="Msg" rs:number="8">
<s:datatype dt:type="string"/>
</s:AttributeType>
<s:AttributeType name="PID" rs:number="9">
<s:datatype dt:type="int"/>
</s:AttributeType>
<s:AttributeType name="TID" rs:number="10">
<s:datatype dt:type="int"/>
</s:AttributeType>
<s:AttributeType name="Con" rs:number="11">
<s:datatype dt:type="string"/>
</s:AttributeType>
<s:AttributeType name="Exe" rs:number="12">
<s:datatype dt:type="string"/>
</s:AttributeType>
<s:AttributeType name="Mod" rs:number="13">
<s:datatype dt:type="string"/>
</s:AttributeType>
<s:AttributeType name="Err" rs:number="14">
<s:datatype dt:type="int"/>
</s:AttributeType>
<s:AttributeType name="MD" rs:number="15">
<s:datatype dt:type="hexBinary"/>
</s:AttributeType>
<s:AttributeType name="DT" rs:number="16">
<s:datatype dt:type="dateTime"/>
</s:AttributeType>
</s:ElementType>
</s:Schema>
<rs:data>
<z:row Cls="D" Sev="50331648" Maj="Def" Min="Def" LN="1205" Fil="" Fun="ActionPlatform::GetValue" Uid="51314688" Msg="ActionPlatform::GetValue: Error from RegQueryValueEx on value SysprepMode under key HKEY_LOCAL_MACHINE\Software\Microsoft\Windows\CurrentVersion\Setup\Sysprep; dwRet = 0x2" PID="2640" TID="2644" Con="" Exe="C:\WINDOWS\system32\Sysprep\sysprep.exe" Mod="sysprep.exe" Err="0" MD="" DT="2021-11-06T11:25:52"/>
<z:row Cls="D" Sev="50331648" Maj="Def" Min="Def" LN="797" Fil="" Fun="ActionPlatform::DeleteValue" Uid="51314688" Msg="ActionPlatform::DeleteValue: Registry value SysprepMode to be deleted does not exist under key HKEY_LOCAL_MACHINE\Software\Microsoft\Windows\CurrentVersion\Setup\Sysprep" PID="2640" TID="2644" Con="" Exe="C:\WINDOWS\system32\Sysprep\sysprep.exe" Mod="sysprep.exe" Err="0" MD="" DT="2021-11-06T11:26:06"/>
</rs:data>
</xml>
