﻿<xml xmlns:s="uuid:BDC6E3F0-6DA3-11d1-A2A3-00AA00C14882"
 xmlns:dt="uuid:C2F41010-65B3-11d1-A29F-00AA00C14882"
 xmlns:rs="urn:schemas-microsoft-com:rowset"
 xmlns:z="#RowsetSchema">
<s:Schema id="RowsetSchema">
<s:ElementType name="row" content="eltOnly" rs:updatable="true">
<s:AttributeType name="Cls" rs:number="0">
<s:datatype dt:type="string"/>
</s:AttributeType>
<s:AttributeType name="Sev" rs:number="1">
<s:datatype dt:type="int"/>
</s:AttributeType>
<s:AttributeType name="Maj" rs:number="2">
<s:datatype dt:type="string"/>
</s:AttributeType>
<s:AttributeType name="Min" rs:number="3">
<s:datatype dt:type="string"/>
</s:AttributeType>
<s:AttributeType name="LN" rs:number="4">
<s:datatype dt:type="int"/>
</s:AttributeType>
<s:AttributeType name="Fil" rs:number="5">
<s:datatype dt:type="string"/>
</s:AttributeType>
<s:AttributeType name="Fun" rs:number="6">
<s:datatype dt:type="string"/>
</s:AttributeType>
<s:AttributeType name="Uid" rs:number="7">
<s:datatype dt:type="int"/>
</s:AttributeType>
<s:AttributeType name="Msg" rs:number="8">
<s:datatype dt:type="string"/>
</s:AttributeType>
<s:AttributeType name="PID" rs:number="9">
<s:datatype dt:type="int"/>
</s:AttributeType>
<s:AttributeType name="TID" rs:number="10">
<s:datatype dt:type="int"/>
</s:AttributeType>
<s:AttributeType name="Con" rs:number="11">
<s:datatype dt:type="string"/>
</s:AttributeType>
<s:AttributeType name="Exe" rs:number="12">
<s:datatype dt:type="string"/>
</s:AttributeType>
<s:AttributeType name="Mod" rs:number="13">
<s:datatype dt:type="string"/>
</s:AttributeType>
<s:AttributeType name="Err" rs:number="14">
<s:datatype dt:type="int"/>
</s:AttributeType>
<s:AttributeType name="MD" rs:number="15">
<s:datatype dt:type="hexBinary"/>
</s:AttributeType>
<s:AttributeType name="DT" rs:number="16">
<s:datatype dt:type="dateTime"/>
</s:AttributeType>
</s:ElementType>
</s:Schema>
<rs:data>
<z:row Cls="D" Sev="33554432" Maj="Def" Min="Def" LN="2798" Fil="" Fun="ScavengeInterfacesConditionally" Uid="34537472" Msg="setupdigetclassdevs failed with error 0" PID="904" TID="2520" Con="" Exe="C:\Windows\system32\sysprep\sysprep.exe" Mod="iphlpsvc.dll" Err="0" MD="" DT="2017-09-15T09:32:24"/>
<z:row Cls="D" Sev="33554432" Maj="Def" Min="Def" LN="107" Fil="" Fun="DeleteDefenderWscInstance" Uid="34537472" Msg="MRTGeneralize:107 - ERROR: Failed DeleteInstance AntiSpywareProduct.instanceGuid=&quot;{D68DDC3A-831F-4FAE-9E44-DA132C1ACF46}&quot; hr=2147749904" PID="904" TID="2520" Con="" Exe="C:\Windows\system32\sysprep\sysprep.exe" Mod="winshfhc.dll" Err="0" MD="" DT="2017-09-15T09:32:24"/>
<z:row Cls="D" Sev="33554432" Maj="Def" Min="Def" LN="116" Fil="" Fun="DeleteDefenderWscInstance" Uid="34537472" Msg="MRTGeneralize:116 - ERROR: Failed DeleteInstance AntiVirusProduct.instanceGuid=&quot;{D68DDC3A-831F-4FAE-9E44-DA132C1ACF46}&quot; hr=2147749904" PID="904" TID="2520" Con="" Exe="C:\Windows\system32\sysprep\sysprep.exe" Mod="winshfhc.dll" Err="0" MD="" DT="2017-09-15T09:32:24"/>
</rs:data>
</xml>
<xml xmlns:s="uuid:BDC6E3F0-6DA3-11d1-A2A3-00AA00C14882"
 xmlns:dt="uuid:C2F41010-65B3-11d1-A29F-00AA00C14882"
 xmlns:rs="urn:schemas-microsoft-com:rowset"
 xmlns:z="#RowsetSchema">
<s:Schema id="RowsetSchema">
<s:ElementType name="row" content="eltOnly" rs:updatable="true">
<s:AttributeType name="Cls" rs:number="0">
<s:datatype dt:type="string"/>
</s:AttributeType>
<s:AttributeType name="Sev" rs:number="1">
<s:datatype dt:type="int"/>
</s:AttributeType>
<s:AttributeType name="Maj" rs:number="2">
<s:datatype dt:type="string"/>
</s:AttributeType>
<s:AttributeType name="Min" rs:number="3">
<s:datatype dt:type="string"/>
</s:AttributeType>
<s:AttributeType name="LN" rs:number="4">
<s:datatype dt:type="int"/>
</s:AttributeType>
<s:AttributeType name="Fil" rs:number="5">
<s:datatype dt:type="string"/>
</s:AttributeType>
<s:AttributeType name="Fun" rs:number="6">
<s:datatype dt:type="string"/>
</s:AttributeType>
<s:AttributeType name="Uid" rs:number="7">
<s:datatype dt:type="int"/>
</s:AttributeType>
<s:AttributeType name="Msg" rs:number="8">
<s:datatype dt:type="string"/>
</s:AttributeType>
<s:AttributeType name="PID" rs:number="9">
<s:datatype dt:type="int"/>
</s:AttributeType>
<s:AttributeType name="TID" rs:number="10">
<s:datatype dt:type="int"/>
</s:AttributeType>
<s:AttributeType name="Con" rs:number="11">
<s:datatype dt:type="string"/>
</s:AttributeType>
<s:AttributeType name="Exe" rs:number="12">
<s:datatype dt:type="string"/>
</s:AttributeType>
<s:AttributeType name="Mod" rs:number="13">
<s:datatype dt:type="string"/>
</s:AttributeType>
<s:AttributeType name="Err" rs:number="14">
<s:datatype dt:type="int"/>
</s:AttributeType>
<s:AttributeType name="MD" rs:number="15">
<s:datatype dt:type="hexBinary"/>
</s:AttributeType>
<s:AttributeType name="DT" rs:number="16">
<s:datatype dt:type="dateTime"/>
</s:AttributeType>
</s:ElementType>
</s:Schema>
<rs:data>
</rs:data>
</xml>
