<?xml version="1.0" encoding="UTF-8" standalone="yes"?>
<manifest>
  <control namespace="PowerTools" constructor="IFrame" version="0.1.0" display-name-key="IFrame" description-key="IFrame description" control-type="standard" api-version="1.2.1">
    <property name="iframe_src" display-name-key="IFrame SRC" description-key="IFrame src property" of-type="SingleLine.Text" usage="bound" required="true"/>
    <property name="iframe_style" display-name-key="IFrame Styles" description-key="IFrame style property" of-type="SingleLine.Text" usage="bound" required="true"/>
    <property name="iframe_sandbox" display-name-key="IFrame Sandbox" description-key="IFrame sandbox property" of-type="SingleLine.Text" usage="bound" required="true"/>
    <property name="iframe_width" display-name-key="IFrame Width" description-key="width like 500px" of-type="SingleLine.Text" usage="bound" required="true"/>
    <property name="iframe_height" display-name-key="IFrame Height" description-key="height like 500px" of-type="SingleLine.Text" usage="bound" required="true"/>
    <resources>
      <code path="bundle.js" order="1"/>
    </resources>
    <built-by name="pac" version="1.1.6"/>
  </control>
</manifest>