<sysprepInformation><imaging exclude=""><assemblyIdentity name="Microsoft-Windows-SQMApi" version="10.0.14393.0" publicKeyToken="31bf3856ad364e35" processorArchitecture="amd64" versionScope="NonSxS"></assemblyIdentity><sysprepOrder order="0x0400"></sysprepOrder><sysprepModule methodName="SqmSysprepGeneralize" moduleName="sqmapi.dll"></sysprepModule></imaging><imaging exclude=""><assemblyIdentity name="Microsoft-Windows-DHCP-Client-Dll" version="10.0.14393.0" publicKeyToken="31bf3856ad364e35" processorArchitecture="x86" versionScope="NonSxS"></assemblyIdentity><sysprepOrder order="0x1400"></sysprepOrder><sysprepModule methodName="DhcpClient_Generalize" moduleName="$(runtime.system32)\dhcpcsvc.dll"></sysprepModule></imaging><imaging exclude=""><assemblyIdentity name="Microsoft-Windows-Sysprep-SpWinSAT" version="10.0.14393.0" publicKeyToken="31bf3856ad364e35" processorArchitecture="x86" versionScope="NonSxS"></assemblyIdentity><sysprepOrder order="0x1700"></sysprepOrder><sysprepModule methodName="Sysprep_Clean_WinSAT" moduleName="$(runtime.system32)\spwinsat.dll"></sysprepModule></imaging><imaging exclude=""><assemblyIdentity name="Microsoft-Windows-Cryptography" version="10.0.14393.0" publicKeyToken="31bf3856ad364e35" processorArchitecture="wow64" versionScope="NonSxS"></assemblyIdentity><sysprepOrder order="0x1E00"></sysprepOrder><sysprepModule methodName="CAPISysPrep_Generalize" moduleName="$(runtime.windows)\system32\capisp.dll"></sysprepModule></imaging><imaging exclude=""><assemblyIdentity name="Microsoft-Windows-Sysprep-SpNet" version="10.0.14393.0" publicKeyToken="31bf3856ad364e35" processorArchitecture="x86" versionScope="NonSxS"></assemblyIdentity><sysprepOrder order="0x1800"></sysprepOrder><sysprepModule methodName="Sysprep_Generalize_Net" moduleName="$(runtime.system32)\spnet.dll"></sysprepModule></imaging><imaging exclude=""><assemblyIdentity name="Microsoft-Windows-PortableWorkspaces-SysPrep" version="10.0.14393.0" publicKeyToken="31bf3856ad364e35" processorArchitecture="x86" versionScope="NonSxS"></assemblyIdentity><sysprepOrder order="0x2000"></sysprepOrder><registryActions>
          <deleteValue name="PortableOperatingSystem" path="HKEY_LOCAL_MACHINE\SYSTEM\CurrentControlSet\Control"></deleteValue>
        </registryActions></imaging><imaging exclude=""><assemblyIdentity name="Microsoft-Windows-COM-DTC-Runtime" version="10.0.14393.0" publicKeyToken="31bf3856ad364e35" processorArchitecture="wow64" versionScope="NonSxS"></assemblyIdentity><sysprepOrder order="0x2200"></sysprepOrder><sysprepModule methodName="SysPrepDtcGeneralize" moduleName="$(runtime.windows)\system32\msdtcprx.dll"></sysprepModule></imaging><imaging exclude=""><assemblyIdentity name="Microsoft-Windows-Sysprep-MountPointManager" version="10.0.14393.0" publicKeyToken="31bf3856ad364e35" processorArchitecture="amd64" versionScope="NonSxS"></assemblyIdentity><sysprepOrder order="0x0800"></sysprepOrder><sysprepModule methodName="Sysprep_Generalize_MountPointManager" moduleName="$(runtime.system32)\spmpm.dll"></sysprepModule></imaging><imaging exclude=""><assemblyIdentity name="Microsoft-Windows-MiStreamProvider" version="10.0.14393.0" publicKeyToken="31bf3856ad364e35" processorArchitecture="amd64" versionScope="NonSxS"></assemblyIdentity><sysprepOrder order="0x3200"></sysprepOrder><registryActions>
          <deleteValue name="LastTargetUri" path="HKEY_LOCAL_MACHINE\Software\Microsoft\Windows\StreamProvider"></deleteValue>
          <deleteValue name="LastFullPayloadTime" path="HKEY_LOCAL_MACHINE\Software\Microsoft\Windows\StreamProvider"></deleteValue>
        </registryActions></imaging><imaging exclude=""><assemblyIdentity name="Microsoft-Windows-SoftwareInventoryLogging-ScheduledTasks" version="10.0.14393.0" publicKeyToken="31bf3856ad364e35" processorArchitecture="amd64" versionScope="NonSxS"></assemblyIdentity><sysprepOrder order="0x3300"></sysprepOrder><registryActions>
          <deleteValue name="Identity" path="HKEY_LOCAL_MACHINE\Software\Microsoft\Windows\SoftwareInventoryLogging"></deleteValue>
        </registryActions></imaging><imaging exclude=""><assemblyIdentity name="Microsoft-Windows-SQMApi" version="10.0.14393.0" publicKeyToken="31bf3856ad364e35" processorArchitecture="x86" versionScope="NonSxS"></assemblyIdentity><sysprepOrder order="0x0400"></sysprepOrder><sysprepModule methodName="SqmSysprepGeneralize" moduleName="sqmapi.dll"></sysprepModule></imaging><imaging exclude=""><assemblyIdentity name="Microsoft-Windows-GPIOButtons" version="10.0.14393.0" publicKeyToken="31bf3856ad364e35" processorArchitecture="amd64" versionScope="NonSxS"></assemblyIdentity><sysprepOrder order="0x2f00"></sysprepOrder><registryActions>
          <deleteValue name="ConvertibleSlateMode" path="HKEY_LOCAL_MACHINE\SYSTEM\CurrentControlSet\Control\PriorityControl"></deleteValue>
        </registryActions></imaging><imaging exclude=""><assemblyIdentity name="Microsoft-Windows-UserPowerManagement" version="10.0.14393.0" publicKeyToken="31bf3856ad364e35" processorArchitecture="amd64" versionScope="NonSxS"></assemblyIdentity><sysprepOrder order="0x3700"></sysprepOrder><sysprepModule methodName="PowerGeneralizePlatformSettings" moduleName="$(runtime.system32)\powrprof.dll"></sysprepModule></imaging><imaging exclude=""><assemblyIdentity name="Microsoft-Windows-DHCP-Client-Dll" version="10.0.14393.0" publicKeyToken="31bf3856ad364e35" processorArchitecture="amd64" versionScope="NonSxS"></assemblyIdentity><sysprepOrder order="0x1400"></sysprepOrder><sysprepModule methodName="DhcpClient_Generalize" moduleName="$(runtime.system32)\dhcpcsvc.dll"></sysprepModule></imaging><imaging exclude=""><assemblyIdentity name="Microsoft-Windows-Sysprep-SpWinSAT" version="10.0.14393.0" publicKeyToken="31bf3856ad364e35" processorArchitecture="amd64" versionScope="NonSxS"></assemblyIdentity><sysprepOrder order="0x1700"></sysprepOrder><sysprepModule methodName="Sysprep_Clean_WinSAT" moduleName="$(runtime.system32)\spwinsat.dll"></sysprepModule></imaging><imaging exclude=""><assemblyIdentity name="Microsoft-Windows-Sysprep-SpNet" version="10.0.14393.0" publicKeyToken="31bf3856ad364e35" processorArchitecture="amd64" versionScope="NonSxS"></assemblyIdentity><sysprepOrder order="0x1800"></sysprepOrder><sysprepModule methodName="Sysprep_Generalize_Net" moduleName="$(runtime.system32)\spnet.dll"></sysprepModule></imaging><imaging exclude=""><assemblyIdentity name="Microsoft-Windows-Mobile-Broadband-Experience-Parser-Task" version="10.0.14393.0" publicKeyToken="31bf3856ad364e35" processorArchitecture="amd64" versionScope="NonSxS"></assemblyIdentity><sysprepOrder order="0x1900"></sysprepOrder><registryActions>
          <deleteKey path="HKEY_LOCAL_MACHINE\Software\Microsoft\WwanSvc\MobileBroadbandAccounts\NetworkInterfaceBindings"></deleteKey>
        </registryActions></imaging><imaging exclude=""><assemblyIdentity name="Microsoft-Windows-Cryptography" version="10.0.14393.0" publicKeyToken="31bf3856ad364e35" processorArchitecture="amd64" versionScope="NonSxS"></assemblyIdentity><sysprepOrder order="0x1E00"></sysprepOrder><sysprepModule methodName="CAPISysPrep_Generalize" moduleName="$(runtime.windows)\system32\capisp.dll"></sysprepModule></imaging><imaging exclude=""><assemblyIdentity name="Microsoft-Windows-PortableWorkspaces-SysPrep" version="10.0.14393.0" publicKeyToken="31bf3856ad364e35" processorArchitecture="amd64" versionScope="NonSxS"></assemblyIdentity><sysprepOrder order="0x2000"></sysprepOrder><registryActions>
          <deleteValue name="PortableOperatingSystem" path="HKEY_LOCAL_MACHINE\SYSTEM\CurrentControlSet\Control"></deleteValue>
        </registryActions></imaging><imaging exclude=""><assemblyIdentity name="Microsoft-Windows-COM-DTC-Runtime" version="10.0.14393.0" publicKeyToken="31bf3856ad364e35" processorArchitecture="amd64" versionScope="NonSxS"></assemblyIdentity><sysprepOrder order="0x2200"></sysprepOrder><sysprepModule methodName="SysPrepDtcGeneralize" moduleName="$(runtime.windows)\system32\msdtcprx.dll"></sysprepModule></imaging><imaging exclude=""><assemblyIdentity name="Microsoft-Windows-UserPowerManagement" version="10.0.14393.0" publicKeyToken="31bf3856ad364e35" processorArchitecture="wow64" versionScope="NonSxS"></assemblyIdentity><sysprepOrder order="0x3700"></sysprepOrder><sysprepModule methodName="PowerGeneralizePlatformSettings" moduleName="$(runtime.system32)\powrprof.dll"></sysprepModule></imaging><imaging exclude=""><assemblyIdentity name="Microsoft-Windows-CoreSystem-InitMachineConfig" version="10.0.14393.206" publicKeyToken="31bf3856ad364e35" processorArchitecture="amd64" versionScope="NonSxS"></assemblyIdentity><sysprepOrder order="0x3800"></sysprepOrder><registryActions>
          <setValue name="Sequence" path="HKEY_LOCAL_MACHINE\System\CurrentControlSet\Control\InitialMachineConfig" type="REG_DWORD" value="1"></setValue>
        </registryActions></imaging><imaging exclude=""><assemblyIdentity name="Microsoft-Windows-IE-Sysprep" version="11.0.14393.2273" publicKeyToken="31bf3856ad364e35" processorArchitecture="wow64" versionScope="NonSxS"></assemblyIdentity><sysprepOrder order="0x1600"></sysprepOrder><sysprepModule methodName="Sysprep_Generalize_IE" moduleName="$(runtime.system32)\iesysprep.dll"></sysprepModule></imaging><imaging exclude=""><assemblyIdentity name="Microsoft-Windows-Sysprep-SpBcd" version="10.0.14393.1794" publicKeyToken="31bf3856ad364e35" processorArchitecture="x86" versionScope="NonSxS"></assemblyIdentity><sysprepOrder order="0x1F00"></sysprepOrder><sysprepModule methodName="Sysprep_Generalize_Bcd" moduleName="$(runtime.system32)\spbcd.dll"></sysprepModule></imaging><imaging exclude=""><assemblyIdentity name="Windows-ID-Connected-Account-Provider-WLIDSvc" version="10.0.14393.2214" publicKeyToken="31bf3856ad364e35" processorArchitecture="amd64" versionScope="NonSxS"></assemblyIdentity><sysprepOrder order="0x0900"></sysprepOrder><registryActions>
          <deleteKey path="HKEY_USERS\.DEFAULT\Software\Microsoft\IdentityCRL"></deleteKey>
        </registryActions></imaging><imaging exclude=""><assemblyIdentity name="Microsoft-Windows-IE-Sysprep" version="11.0.14393.2273" publicKeyToken="31bf3856ad364e35" processorArchitecture="amd64" versionScope="NonSxS"></assemblyIdentity><sysprepOrder order="0x1600"></sysprepOrder><sysprepModule methodName="Sysprep_Generalize_IE" moduleName="$(runtime.system32)\iesysprep.dll"></sysprepModule></imaging><imaging exclude=""><assemblyIdentity name="Microsoft-Windows-Sysprep-SpBcd" version="10.0.14393.1794" publicKeyToken="31bf3856ad364e35" processorArchitecture="amd64" versionScope="NonSxS"></assemblyIdentity><sysprepOrder order="0x1F00"></sysprepOrder><sysprepModule methodName="Sysprep_Generalize_Bcd" moduleName="$(runtime.system32)\spbcd.dll"></sysprepModule></imaging><imaging exclude=""><assemblyIdentity name="Microsoft-Windows-Sysprep-SpOpk" version="10.0.14393.3241" publicKeyToken="31bf3856ad364e35" processorArchitecture="amd64" versionScope="NonSxS"></assemblyIdentity><sysprepOrder order="0x0100"></sysprepOrder><sysprepModule methodName="Sysprep_Generalize_Opk" moduleName="$(runtime.system32)\spopk.dll"></sysprepModule></imaging><imaging exclude=""><assemblyIdentity name="Microsoft-Windows-Sysprep-SpOpk" version="10.0.14393.3241" publicKeyToken="31bf3856ad364e35" processorArchitecture="x86" versionScope="NonSxS"></assemblyIdentity><sysprepOrder order="0x0100"></sysprepOrder><sysprepModule methodName="Sysprep_Generalize_Opk" moduleName="$(runtime.system32)\spopk.dll"></sysprepModule></imaging><imaging exclude=""><assemblyIdentity name="Microsoft-Windows-Spaceport" version="10.0.14393.3986" publicKeyToken="31bf3856ad364e35" processorArchitecture="amd64" versionScope="NonSxS"></assemblyIdentity><sysprepOrder order="0x2d00"></sysprepOrder><registryActions>
          <deleteValue name="ControlId" path="HKEY_LOCAL_MACHINE\SYSTEM\CurrentControlSet\Services\spaceport\Parameters"></deleteValue>
          <deleteValue name="PrimordialId" path="HKEY_LOCAL_MACHINE\SYSTEM\CurrentControlSet\Services\spaceport\Parameters"></deleteValue>
        </registryActions></imaging><imaging exclude=""><assemblyIdentity name="Microsoft-Windows-TPM-Driver-WMI" version="10.0.14393.4169" publicKeyToken="31bf3856ad364e35" processorArchitecture="wow64" versionScope="NonSxS"></assemblyIdentity><sysprepOrder order="0x1500"></sysprepOrder><registryActions>
          <deleteValue name="ADBackupCommonName" path="HKEY_LOCAL_MACHINE\SYSTEM\CurrentControlSet\Services\TPM\WMI"></deleteValue>
          <deleteValue name="ADBackupSrkPubDigest" path="HKEY_LOCAL_MACHINE\SYSTEM\CurrentControlSet\Services\TPM\WMI"></deleteValue>
          <deleteValue name="LastPPIRequest" path="HKEY_LOCAL_MACHINE\SYSTEM\CurrentControlSet\Services\TPM\WMI"></deleteValue>
          <deleteValue name="NoPPIClear" path="HKEY_LOCAL_MACHINE\SYSTEM\CurrentControlSet\Services\TPM\WMI"></deleteValue>
          <deleteValue name="NoPPIProvision" path="HKEY_LOCAL_MACHINE\SYSTEM\CurrentControlSet\Services\TPM\WMI"></deleteValue>
          <deleteValue name="NoResourceVirtualizationOnNextReboot" path="HKEY_LOCAL_MACHINE\SYSTEM\CurrentControlSet\Services\TPM\WMI"></deleteValue>
          <deleteValue name="PPIVersion_Test" path="HKEY_LOCAL_MACHINE\SYSTEM\CurrentControlSet\Services\TPM\WMI"></deleteValue>
          <deleteValue name="WindowsAIKHash" path="HKEY_LOCAL_MACHINE\SYSTEM\CurrentControlSet\Services\TPM\WMI"></deleteValue>
          <deleteValue name="WindowsAIKBinding" path="HKEY_LOCAL_MACHINE\SYSTEM\CurrentControlSet\Services\TPM\WMI"></deleteValue>
          <deleteValue name="WindowsAIKPub" path="HKEY_LOCAL_MACHINE\SYSTEM\CurrentControlSet\Services\TPM\WMI"></deleteValue>
          <deleteKey path="HKEY_LOCAL_MACHINE\SYSTEM\CurrentControlSet\Services\TPM\WMI\Admin"></deleteKey>
          <deleteKey path="HKEY_LOCAL_MACHINE\SYSTEM\CurrentControlSet\Services\TPM\WMI\Endorsement"></deleteKey>
          <deleteKey path="HKEY_LOCAL_MACHINE\SYSTEM\CurrentControlSet\Services\TPM\WMI\User"></deleteKey>
          <deleteKey path="HKEY_LOCAL_MACHINE\SYSTEM\CurrentControlSet\Services\TPM\KeyAttestationKeys"></deleteKey>
          <deleteKey path="HKEY_LOCAL_MACHINE\SYSTEM\CurrentControlSet\Services\TPM\PlatformQuoteKeys"></deleteKey>
        </registryActions></imaging><imaging exclude=""><assemblyIdentity name="Microsoft-Windows-NetworkProfile" version="10.0.14393.4169" publicKeyToken="31bf3856ad364e35" processorArchitecture="wow64" versionScope="NonSxS"></assemblyIdentity><sysprepOrder order="0x2100"></sysprepOrder><sysprepModule methodName="NetworkListManager_Generalize" moduleName="$(runtime.system32)\nlmsprep.dll"></sysprepModule></imaging><imaging exclude=""><assemblyIdentity name="Microsoft-Client-License-Platform-Service" version="10.0.14393.4169" publicKeyToken="31bf3856ad364e35" processorArchitecture="amd64" versionScope="NonSxS"></assemblyIdentity><sysprepOrder order="0x3500"></sysprepOrder><sysprepModule methodName="ClipCleanUpState" moduleName="$(runtime.system32)\clipc.dll"></sysprepModule></imaging><imaging exclude=""><assemblyIdentity name="Microsoft-Windows-Shell-Setup" version="10.0.14393.4169" publicKeyToken="31bf3856ad364e35" processorArchitecture="amd64" versionScope="NonSxS"></assemblyIdentity><sysprepOrder order="0x1000"></sysprepOrder><sysprepModule methodName="Sysprep_Generalize_Shell" moduleName="$(runtime.system32)\shsetup.dll"></sysprepModule></imaging><imaging exclude=""><assemblyIdentity name="Microsoft-Windows-DirectAccess-ConnectionFlow" version="10.0.14393.4169" publicKeyToken="31bf3856ad364e35" processorArchitecture="amd64" versionScope="NonSxS"></assemblyIdentity><sysprepOrder order="0x1300"></sysprepOrder><registryActions>
          <deleteKey path="HKEY_CURRENT_USER\SOFTWARE\Microsoft\Windows\CurrentVersion\VAN\{7724F5B4-9A4A-4a93-AD09-B06F7AB31035}\HideDisconnectMessage"></deleteKey>
        </registryActions></imaging><imaging exclude=""><assemblyIdentity name="Microsoft-Windows-TPM-Driver-WMI" version="10.0.14393.4169" publicKeyToken="31bf3856ad364e35" processorArchitecture="amd64" versionScope="NonSxS"></assemblyIdentity><sysprepOrder order="0x1500"></sysprepOrder><registryActions>
          <deleteValue name="ADBackupCommonName" path="HKEY_LOCAL_MACHINE\SYSTEM\CurrentControlSet\Services\TPM\WMI"></deleteValue>
          <deleteValue name="ADBackupSrkPubDigest" path="HKEY_LOCAL_MACHINE\SYSTEM\CurrentControlSet\Services\TPM\WMI"></deleteValue>
          <deleteValue name="LastPPIRequest" path="HKEY_LOCAL_MACHINE\SYSTEM\CurrentControlSet\Services\TPM\WMI"></deleteValue>
          <deleteValue name="NoPPIClear" path="HKEY_LOCAL_MACHINE\SYSTEM\CurrentControlSet\Services\TPM\WMI"></deleteValue>
          <deleteValue name="NoPPIProvision" path="HKEY_LOCAL_MACHINE\SYSTEM\CurrentControlSet\Services\TPM\WMI"></deleteValue>
          <deleteValue name="NoResourceVirtualizationOnNextReboot" path="HKEY_LOCAL_MACHINE\SYSTEM\CurrentControlSet\Services\TPM\WMI"></deleteValue>
          <deleteValue name="PPIVersion_Test" path="HKEY_LOCAL_MACHINE\SYSTEM\CurrentControlSet\Services\TPM\WMI"></deleteValue>
          <deleteValue name="WindowsAIKHash" path="HKEY_LOCAL_MACHINE\SYSTEM\CurrentControlSet\Services\TPM\WMI"></deleteValue>
          <deleteValue name="WindowsAIKBinding" path="HKEY_LOCAL_MACHINE\SYSTEM\CurrentControlSet\Services\TPM\WMI"></deleteValue>
          <deleteValue name="WindowsAIKPub" path="HKEY_LOCAL_MACHINE\SYSTEM\CurrentControlSet\Services\TPM\WMI"></deleteValue>
          <deleteKey path="HKEY_LOCAL_MACHINE\SYSTEM\CurrentControlSet\Services\TPM\WMI\Admin"></deleteKey>
          <deleteKey path="HKEY_LOCAL_MACHINE\SYSTEM\CurrentControlSet\Services\TPM\WMI\Endorsement"></deleteKey>
          <deleteKey path="HKEY_LOCAL_MACHINE\SYSTEM\CurrentControlSet\Services\TPM\WMI\User"></deleteKey>
          <deleteKey path="HKEY_LOCAL_MACHINE\SYSTEM\CurrentControlSet\Services\TPM\KeyAttestationKeys"></deleteKey>
          <deleteKey path="HKEY_LOCAL_MACHINE\SYSTEM\CurrentControlSet\Services\TPM\PlatformQuoteKeys"></deleteKey>
        </registryActions></imaging><imaging exclude=""><assemblyIdentity name="Microsoft-Windows-AppX-Sysprep" version="10.0.14393.4169" publicKeyToken="31bf3856ad364e35" processorArchitecture="amd64" versionScope="NonSxS"></assemblyIdentity><sysprepOrder order="0x1A00"></sysprepOrder><sysprepValidate methodName="SysprepGeneralizeValidate" moduleName="$(runtime.system32)\AppxSysprep.dll"></sysprepValidate><sysprepModule methodName="SysprepGeneralize" moduleName="$(runtime.system32)\AppxSysprep.dll"></sysprepModule></imaging><imaging exclude=""><assemblyIdentity name="Microsoft-Windows-NetworkProfile" version="10.0.14393.4169" publicKeyToken="31bf3856ad364e35" processorArchitecture="amd64" versionScope="NonSxS"></assemblyIdentity><sysprepOrder order="0x2100"></sysprepOrder><sysprepModule methodName="NetworkListManager_Generalize" moduleName="$(runtime.system32)\nlmsprep.dll"></sysprepModule></imaging><imaging exclude=""><assemblyIdentity name="Microsoft-Windows-Shell-Setup" version="10.0.14393.4169" publicKeyToken="31bf3856ad364e35" processorArchitecture="x86" versionScope="NonSxS"></assemblyIdentity><sysprepOrder order="0x1000"></sysprepOrder><sysprepModule methodName="Sysprep_Generalize_Shell" moduleName="$(runtime.system32)\shsetup.dll"></sysprepModule></imaging><imaging exclude=""><assemblyIdentity name="Microsoft-Windows-AppCompat-Sysprep" version="10.0.14393.4350" publicKeyToken="31bf3856ad364e35" processorArchitecture="amd64" versionScope="NonSxS"></assemblyIdentity><sysprepOrder order="0x1D00"></sysprepOrder><sysprepModule methodName="Sysprep_Generalize_Compat" moduleName="$(runtime.system32)\spcompat.dll"></sysprepModule></imaging><imaging exclude=""><assemblyIdentity name="Microsoft-Windows-WindowsUpdateClient-Core" version="10.0.14393.4651" publicKeyToken="31bf3856ad364e35" processorArchitecture="amd64" versionScope="NonSxS"></assemblyIdentity><sysprepOrder order="0x0300"></sysprepOrder><sysprepModule methodName="GeneralizeForImaging" moduleName="$(runtime.system32)\wuaueng.dll"></sysprepModule></imaging><imaging exclude=""><assemblyIdentity name="Windows-Defender-Service" version="10.0.14393.4651" publicKeyToken="31bf3856ad364e35" processorArchitecture="amd64" versionScope="NonSxS"></assemblyIdentity><sysprepOrder order="0x0C00"></sysprepOrder><sysprepModule methodName="MRTComponent_Generalize" moduleName="$(runtime.system32)\winshfhc.dll"></sysprepModule></imaging><imaging exclude=""><assemblyIdentity name="Windows-Defender-Service" version="10.0.14393.4651" publicKeyToken="31bf3856ad364e35" processorArchitecture="wow64" versionScope="NonSxS"></assemblyIdentity><sysprepOrder order="0x0C00"></sysprepOrder><sysprepModule methodName="MRTComponent_Generalize" moduleName="$(runtime.system32)\winshfhc.dll"></sysprepModule></imaging><imaging exclude=""><assemblyIdentity name="Microsoft-Windows-ErrorReportingCore" version="10.0.14393.4704" publicKeyToken="31bf3856ad364e35" processorArchitecture="amd64" versionScope="NonSxS"></assemblyIdentity><sysprepOrder order="0x1100"></sysprepOrder><sysprepModule methodName="WerSysprepGeneralize" moduleName="wer.dll"></sysprepModule></imaging><imaging exclude=""><assemblyIdentity name="Microsoft-Windows-ErrorReportingCore" version="10.0.14393.4704" publicKeyToken="31bf3856ad364e35" processorArchitecture="wow64" versionScope="NonSxS"></assemblyIdentity><sysprepOrder order="0x1100"></sysprepOrder><sysprepModule methodName="WerSysprepGeneralize" moduleName="wer.dll"></sysprepModule></imaging><imaging exclude=""><assemblyIdentity name="Microsoft-Windows-IPv4IPv6CoexistenceMigration" version="10.0.14393.4770" publicKeyToken="31bf3856ad364e35" processorArchitecture="amd64" versionScope="NonSxS"></assemblyIdentity><sysprepOrder order="0x0600"></sysprepOrder><sysprepModule methodName="IphlpsvcSysprepGeneralize" moduleName="$(runtime.system32)\iphlpsvc.dll"></sysprepModule></imaging><imaging exclude=""><assemblyIdentity name="Microsoft-Windows-IPv4IPv6CoexistenceMigration" version="10.0.14393.4770" publicKeyToken="31bf3856ad364e35" processorArchitecture="wow64" versionScope="NonSxS"></assemblyIdentity><sysprepOrder order="0x0600"></sysprepOrder><sysprepModule methodName="IphlpsvcSysprepGeneralize" moduleName="$(runtime.system32)\iphlpsvc.dll"></sysprepModule></imaging><imaging exclude=""><assemblyIdentity name="Microsoft-Windows-Security-SPP" version="10.0.14393.5006" publicKeyToken="31bf3856ad364e35" processorArchitecture="wow64" versionScope="NonSxS"></assemblyIdentity><sysprepOrder order="0x1B00"></sysprepOrder><sysprepModule methodName="SLReArmWindows" moduleName="$(runtime.system32)\slc.dll"></sysprepModule></imaging><imaging exclude=""><assemblyIdentity name="Microsoft-Windows-Security-SPP" version="10.0.14393.5006" publicKeyToken="31bf3856ad364e35" processorArchitecture="amd64" versionScope="NonSxS"></assemblyIdentity><sysprepOrder order="0x1B00"></sysprepOrder><sysprepModule methodName="SLReArmWindows" moduleName="$(runtime.system32)\slc.dll"></sysprepModule></imaging><imaging exclude=""><assemblyIdentity name="Microsoft-Windows-Unified-Telemetry-Client" version="10.0.14393.5066" publicKeyToken="31bf3856ad364e35" processorArchitecture="wow64" versionScope="NonSxS"></assemblyIdentity><sysprepOrder order="0x3400"></sysprepOrder><sysprepModule methodName="UtcSysprepGeneralize" moduleName="diagtrack.dll"></sysprepModule></imaging><imaging exclude=""><assemblyIdentity name="Microsoft-Windows-PnpSysprep" version="10.0.14393.5066" publicKeyToken="31bf3856ad364e35" processorArchitecture="amd64" versionScope="NonSxS"></assemblyIdentity><sysprepOrder order="0x0500"></sysprepOrder><sysprepModule methodName="Sysprep_Generalize_Pnp" moduleName="$(runtime.system32)\sppnp.dll"></sysprepModule></imaging><imaging exclude=""><assemblyIdentity name="Microsoft-Windows-Unified-Telemetry-Client" version="10.0.14393.5066" publicKeyToken="31bf3856ad364e35" processorArchitecture="amd64" versionScope="NonSxS"></assemblyIdentity><sysprepOrder order="0x3400"></sysprepOrder><sysprepModule methodName="UtcSysprepGeneralize" moduleName="diagtrack.dll"></sysprepModule></imaging><imaging exclude=""><assemblyIdentity name="Microsoft-Windows-MediaPlayer-Core" version="10.0.14393.5127" publicKeyToken="31bf3856ad364e35" processorArchitecture="amd64" versionScope="NonSxS"></assemblyIdentity><sysprepOrder order="0x0200"></sysprepOrder><sysprepModule methodName="Sysprep_Generalize_WMP" moduleName="spwmp.dll"></sysprepModule></imaging><imaging exclude=""><assemblyIdentity name="Microsoft-Windows-WinRE-RecoveryAgent" version="10.0.14393.5127" publicKeyToken="31bf3856ad364e35" processorArchitecture="amd64" versionScope="NonSxS"></assemblyIdentity><sysprepOrder order="0x2c00"></sysprepOrder><sysprepModule methodName="WinRE_Generalize" moduleName="$(runtime.system32)\reagent.dll"></sysprepModule></imaging><imaging exclude=""><assemblyIdentity name="Microsoft-Windows-MediaPlayer-Core" version="10.0.14393.5127" publicKeyToken="31bf3856ad364e35" processorArchitecture="wow64" versionScope="NonSxS"></assemblyIdentity><sysprepOrder order="0x0200"></sysprepOrder><sysprepModule methodName="Sysprep_Generalize_WMP" moduleName="spwmp.dll"></sysprepModule></imaging><imaging exclude=""><assemblyIdentity name="Microsoft-Windows-WinRE-RecoveryAgent" version="10.0.14393.5127" publicKeyToken="31bf3856ad364e35" processorArchitecture="x86" versionScope="NonSxS"></assemblyIdentity><sysprepOrder order="0x2c00"></sysprepOrder><sysprepModule methodName="WinRE_Generalize" moduleName="$(runtime.system32)\reagent.dll"></sysprepModule></imaging><imaging exclude=""><assemblyIdentity name="Microsoft-Windows-TerminalServices-RemoteConnectionManager" version="10.0.14393.5127" publicKeyToken="31bf3856ad364e35" processorArchitecture="amd64" versionScope="NonSxS"></assemblyIdentity><sysprepOrder order="0x0A00"></sysprepOrder><sysprepModule methodName="RCMSysPrepGeneralize" moduleName="$(runtime.system32)\setup\tssysprep.dll"></sysprepModule></imaging><imaging exclude=""><assemblyIdentity name="Microsoft-Windows-TerminalServices-LocalSessionManager" version="10.0.14393.5127" publicKeyToken="31bf3856ad364e35" processorArchitecture="amd64" versionScope="NonSxS"></assemblyIdentity><sysprepOrder order="0x0D00"></sysprepOrder><sysprepModule methodName="LSMSysPrepBackup" moduleName="$(runtime.system32)\setup\tssysprep.dll"></sysprepModule></imaging><imaging exclude=""><assemblyIdentity name="Microsoft-Windows-TerminalServices-RemoteConnectionManager" version="10.0.14393.5127" publicKeyToken="31bf3856ad364e35" processorArchitecture="wow64" versionScope="NonSxS"></assemblyIdentity><sysprepOrder order="0x0A00"></sysprepOrder><sysprepModule methodName="RCMSysPrepGeneralize" moduleName="$(runtime.system32)\setup\tssysprep.dll"></sysprepModule></imaging><imaging exclude=""><assemblyIdentity name="Microsoft-Windows-TerminalServices-ClientActiveXCore" version="10.0.14393.5246" publicKeyToken="31bf3856ad364e35" processorArchitecture="amd64" versionScope="NonSxS"></assemblyIdentity><sysprepOrder order="0x0E00"></sysprepOrder><sysprepModule methodName="RdpSysPrepGeneralize" moduleName="$(runtime.system32)\setup\tssysprep.dll"></sysprepModule></imaging><imaging exclude=""><assemblyIdentity name="Microsoft-Windows-IIS-SharedLibraries" version="10.0.14393.5246" publicKeyToken="31bf3856ad364e35" processorArchitecture="amd64" versionScope="NonSxS"></assemblyIdentity><sysprepOrder order="0x2B00"></sysprepOrder><sysprepModule methodName="IIS_Generalize" moduleName="$(runtime.system32)\inetsrv\iissyspr.dll"></sysprepModule></imaging><imaging exclude=""><assemblyIdentity name="Microsoft-Windows-TerminalServices-ClientActiveXCore" version="10.0.14393.5246" publicKeyToken="31bf3856ad364e35" processorArchitecture="x86" versionScope="NonSxS"></assemblyIdentity><sysprepOrder order="0x0E00"></sysprepOrder><sysprepModule methodName="RdpSysPrepGeneralize" moduleName="$(runtime.system32)\setup\tssysprep.dll"></sysprepModule></imaging><imaging exclude=""><assemblyIdentity name="Microsoft-Windows-IIS-SharedLibraries" version="10.0.14393.5246" publicKeyToken="31bf3856ad364e35" processorArchitecture="wow64" versionScope="NonSxS"></assemblyIdentity><sysprepOrder order="0x2B00"></sysprepOrder><sysprepModule methodName="IIS_Generalize" moduleName="$(runtime.system32)\inetsrv\iissyspr.dll"></sysprepModule></imaging><imaging exclude=""><assemblyIdentity name="Microsoft-Windows-SecureBoot-FirmwareUpdate" version="10.0.14393.5285" publicKeyToken="31bf3856ad364e35" processorArchitecture="amd64" versionScope="NonSxS"></assemblyIdentity><sysprepOrder order="0x1C00"></sysprepOrder><registryActions>
          <setValue name="AvailableUpdates" path="HKEY_LOCAL_MACHINE\System\CurrentControlSet\Control\SecureBoot" type="REG_DWORD" value="0x8002"></setValue>
        </registryActions></imaging></sysprepInformation>