<sysprepInformation><imaging exclude=""><assemblyIdentity name="Microsoft-Windows-Restore-ACL-CmdLine" version="10.0.14393.0" publicKeyToken="31bf3856ad364e35" processorArchitecture="amd64" versionScope="NonSxS"></assemblyIdentity><sysprepOrder order="0x0200"></sysprepOrder><sysprepModule methodName="DDACLSys_Specialize" moduleName="DDACLSys.dll"></sysprepModule></imaging><imaging exclude=""><assemblyIdentity name="Microsoft-Windows-Resource-Leak-Diagnostic-Core" version="10.0.14393.0" publicKeyToken="31bf3856ad364e35" processorArchitecture="wow64" versionScope="NonSxS"></assemblyIdentity><sysprepOrder order="0x0E00"></sysprepOrder><sysprepModule methodName="RdrSysprepSpecialize" moduleName="radardt.dll"></sysprepModule></imaging><imaging exclude=""><assemblyIdentity name="Microsoft-Windows-SQMApi" version="10.0.14393.0" publicKeyToken="31bf3856ad364e35" processorArchitecture="amd64" versionScope="NonSxS"></assemblyIdentity><sysprepOrder order="0x0300"></sysprepOrder><sysprepModule methodName="SqmSysprepSpecialize" moduleName="sqmapi.dll"></sysprepModule></imaging><imaging exclude=""><assemblyIdentity name="Microsoft-Windows-Fault-Tolerant-Heap-Core" version="10.0.14393.0" publicKeyToken="31bf3856ad364e35" processorArchitecture="amd64" versionScope="NonSxS"></assemblyIdentity><sysprepOrder order="0x0400"></sysprepOrder><sysprepModule methodName="FthSysprepSpecialize" moduleName="fthsvc.dll"></sysprepModule></imaging><imaging exclude=""><assemblyIdentity name="Microsoft-Windows-Cryptography" version="10.0.14393.0" publicKeyToken="31bf3856ad364e35" processorArchitecture="wow64" versionScope="NonSxS"></assemblyIdentity><sysprepOrder order="0x1100"></sysprepOrder><sysprepModule methodName="CryptoSysPrep_Specialize" moduleName="$(runtime.windows)\system32\capisp.dll"></sysprepModule></imaging><imaging exclude=""><assemblyIdentity name="Microsoft-Windows-COM-DTC-Runtime" version="10.0.14393.0" publicKeyToken="31bf3856ad364e35" processorArchitecture="wow64" versionScope="NonSxS"></assemblyIdentity><sysprepOrder order="0x1300"></sysprepOrder><sysprepModule methodName="SysPrepDtcSpecialize" moduleName="$(runtime.windows)\system32\msdtcprx.dll"></sysprepModule></imaging><imaging exclude=""><assemblyIdentity name="Microsoft-Windows-TIScavengeTask" version="10.0.14393.0" publicKeyToken="31bf3856ad364e35" processorArchitecture="amd64" versionScope="NonSxS"></assemblyIdentity><sysprepOrder order="0x1b00"></sysprepOrder><registryActions>
          <deleteValue name="LastScavengingStarvationSQMReport" path="HKEY_LOCAL_MACHINE\SOFTWARE\Microsoft\Windows\CurrentVersion\SideBySide"></deleteValue>
        </registryActions></imaging><imaging exclude=""><assemblyIdentity name="StartupApp-Task-Data" version="10.0.14393.0" publicKeyToken="31bf3856ad364e35" processorArchitecture="x86" versionScope="NonSxS"></assemblyIdentity><sysprepOrder order="0x1500"></sysprepOrder><sysprepModule methodName="SusRunOEMTask" moduleName="$(runtime.system32)\startupscan.dll"></sysprepModule></imaging><imaging exclude=""><assemblyIdentity name="Microsoft-Windows-WofUtil" version="10.0.14393.0" publicKeyToken="31bf3856ad364e35" processorArchitecture="amd64" versionScope="NonSxS"></assemblyIdentity><sysprepOrder order="0x0080"></sysprepOrder><registryActions>
          <deleteValue name="SystemPolicy" path="HKEY_LOCAL_MACHINE\SOFTWARE\Microsoft\Windows NT\CurrentVersion\WOF"></deleteValue>
          <deleteValue name="EffectiveFlags" path="HKEY_LOCAL_MACHINE\SOFTWARE\Microsoft\Windows NT\CurrentVersion\WOF"></deleteValue>
        </registryActions></imaging><imaging exclude=""><assemblyIdentity name="Microsoft-Windows-Restore-ACL-CmdLine" version="10.0.14393.0" publicKeyToken="31bf3856ad364e35" processorArchitecture="x86" versionScope="NonSxS"></assemblyIdentity><sysprepOrder order="0x0200"></sysprepOrder><sysprepModule methodName="DDACLSys_Specialize" moduleName="DDACLSys.dll"></sysprepModule></imaging><imaging exclude=""><assemblyIdentity name="Microsoft-Windows-SQMApi" version="10.0.14393.0" publicKeyToken="31bf3856ad364e35" processorArchitecture="x86" versionScope="NonSxS"></assemblyIdentity><sysprepOrder order="0x0300"></sysprepOrder><sysprepModule methodName="SqmSysprepSpecialize" moduleName="sqmapi.dll"></sysprepModule></imaging><imaging exclude=""><assemblyIdentity name="Microsoft-Windows-Resource-Leak-Diagnostic-Core" version="10.0.14393.0" publicKeyToken="31bf3856ad364e35" processorArchitecture="amd64" versionScope="NonSxS"></assemblyIdentity><sysprepOrder order="0x0E00"></sysprepOrder><sysprepModule methodName="RdrSysprepSpecialize" moduleName="radardt.dll"></sysprepModule></imaging><imaging exclude=""><assemblyIdentity name="Microsoft-Windows-WofUtil" version="10.0.14393.0" publicKeyToken="31bf3856ad364e35" processorArchitecture="wow64" versionScope="NonSxS"></assemblyIdentity><sysprepOrder order="0x0080"></sysprepOrder><registryActions>
          <deleteValue name="SystemPolicy" path="HKEY_LOCAL_MACHINE\SOFTWARE\Microsoft\Windows NT\CurrentVersion\WOF"></deleteValue>
          <deleteValue name="EffectiveFlags" path="HKEY_LOCAL_MACHINE\SOFTWARE\Microsoft\Windows NT\CurrentVersion\WOF"></deleteValue>
        </registryActions></imaging><imaging exclude=""><assemblyIdentity name="Microsoft-Windows-Cryptography" version="10.0.14393.0" publicKeyToken="31bf3856ad364e35" processorArchitecture="amd64" versionScope="NonSxS"></assemblyIdentity><sysprepOrder order="0x1100"></sysprepOrder><sysprepModule methodName="CryptoSysPrep_Specialize" moduleName="$(runtime.windows)\system32\capisp.dll"></sysprepModule></imaging><imaging exclude=""><assemblyIdentity name="Microsoft-Windows-COM-DTC-Runtime" version="10.0.14393.0" publicKeyToken="31bf3856ad364e35" processorArchitecture="amd64" versionScope="NonSxS"></assemblyIdentity><sysprepOrder order="0x1300"></sysprepOrder><sysprepModule methodName="SysPrepDtcSpecialize" moduleName="$(runtime.windows)\system32\msdtcprx.dll"></sysprepModule></imaging><imaging exclude=""><assemblyIdentity name="StartupApp-Task-Data" version="10.0.14393.0" publicKeyToken="31bf3856ad364e35" processorArchitecture="amd64" versionScope="NonSxS"></assemblyIdentity><sysprepOrder order="0x1500"></sysprepOrder><sysprepModule methodName="SusRunOEMTask" moduleName="$(runtime.system32)\startupscan.dll"></sysprepModule></imaging><imaging exclude=""><assemblyIdentity name="Microsoft-Windows-IE-Sysprep" version="11.0.14393.2273" publicKeyToken="31bf3856ad364e35" processorArchitecture="wow64" versionScope="NonSxS"></assemblyIdentity><sysprepOrder order="0x0F00"></sysprepOrder><sysprepModule methodName="Sysprep_Specialize_IE" moduleName="$(runtime.system32)\iesysprep.dll"></sysprepModule></imaging><imaging exclude=""><assemblyIdentity name="Microsoft-Windows-Sysprep-SpBcd" version="10.0.14393.1794" publicKeyToken="31bf3856ad364e35" processorArchitecture="x86" versionScope="NonSxS"></assemblyIdentity><sysprepOrder order="0x1200"></sysprepOrder><sysprepModule methodName="Sysprep_Specialize_Bcd" moduleName="$(runtime.system32)\spbcd.dll"></sysprepModule></imaging><imaging exclude=""><assemblyIdentity name="Microsoft-Windows-IE-Sysprep" version="11.0.14393.2273" publicKeyToken="31bf3856ad364e35" processorArchitecture="amd64" versionScope="NonSxS"></assemblyIdentity><sysprepOrder order="0x0F00"></sysprepOrder><sysprepModule methodName="Sysprep_Specialize_IE" moduleName="$(runtime.system32)\iesysprep.dll"></sysprepModule></imaging><imaging exclude=""><assemblyIdentity name="Microsoft-Windows-Sysprep-SpBcd" version="10.0.14393.1794" publicKeyToken="31bf3856ad364e35" processorArchitecture="amd64" versionScope="NonSxS"></assemblyIdentity><sysprepOrder order="0x1200"></sysprepOrder><sysprepModule methodName="Sysprep_Specialize_Bcd" moduleName="$(runtime.system32)\spbcd.dll"></sysprepModule></imaging><imaging exclude=""><assemblyIdentity name="Microsoft-Windows-Sysprep-SpOpk" version="10.0.14393.3241" publicKeyToken="31bf3856ad364e35" processorArchitecture="amd64" versionScope="NonSxS"></assemblyIdentity><sysprepOrder order="0x0100"></sysprepOrder><sysprepModule methodName="Sysprep_Specialize_Opk" moduleName="$(runtime.system32)\spopk.dll"></sysprepModule></imaging><imaging exclude=""><assemblyIdentity name="Microsoft-Windows-Sysprep-SpOpk" version="10.0.14393.3241" publicKeyToken="31bf3856ad364e35" processorArchitecture="x86" versionScope="NonSxS"></assemblyIdentity><sysprepOrder order="0x0100"></sysprepOrder><sysprepModule methodName="Sysprep_Specialize_Opk" moduleName="$(runtime.system32)\spopk.dll"></sysprepModule></imaging><imaging exclude=""><assemblyIdentity name="Microsoft-Windows-Shell-Setup" version="10.0.14393.4169" publicKeyToken="31bf3856ad364e35" processorArchitecture="amd64" versionScope="NonSxS"></assemblyIdentity><sysprepOrder order="0x0B00"></sysprepOrder><sysprepModule methodName="Sysprep_Specialize_Shell" moduleName="$(runtime.system32)\shsetup.dll"></sysprepModule></imaging><imaging exclude=""><assemblyIdentity name="Microsoft-Windows-AppX-Sysprep" version="10.0.14393.4169" publicKeyToken="31bf3856ad364e35" processorArchitecture="amd64" versionScope="NonSxS"></assemblyIdentity><sysprepOrder order="0x0D00"></sysprepOrder><sysprepModule methodName="AppxSysprepSpecialize" moduleName="$(runtime.system32)\AppxSysprep.dll"></sysprepModule></imaging><imaging exclude=""><assemblyIdentity name="Microsoft-Windows-Shell-Setup" version="10.0.14393.4169" publicKeyToken="31bf3856ad364e35" processorArchitecture="x86" versionScope="NonSxS"></assemblyIdentity><sysprepOrder order="0x0B00"></sysprepOrder><sysprepModule methodName="Sysprep_Specialize_Shell" moduleName="$(runtime.system32)\shsetup.dll"></sysprepModule></imaging><imaging exclude=""><assemblyIdentity name="Microsoft-Windows-AppCompat-Sysprep" version="10.0.14393.4350" publicKeyToken="31bf3856ad364e35" processorArchitecture="amd64" versionScope="NonSxS"></assemblyIdentity><sysprepOrder order="0x1000"></sysprepOrder><sysprepModule methodName="Sysprep_Specialize_Compat" moduleName="$(runtime.system32)\spcompat.dll"></sysprepModule></imaging><imaging exclude=""><assemblyIdentity name="Microsoft-Windows-ErrorReportingCore" version="10.0.14393.4704" publicKeyToken="31bf3856ad364e35" processorArchitecture="amd64" versionScope="NonSxS"></assemblyIdentity><sysprepOrder order="0x0C00"></sysprepOrder><sysprepModule methodName="WerSysprepSpecialize" moduleName="wer.dll"></sysprepModule></imaging><imaging exclude=""><assemblyIdentity name="Microsoft-Windows-ErrorReportingCore" version="10.0.14393.4704" publicKeyToken="31bf3856ad364e35" processorArchitecture="wow64" versionScope="NonSxS"></assemblyIdentity><sysprepOrder order="0x0C00"></sysprepOrder><sysprepModule methodName="WerSysprepSpecialize" moduleName="wer.dll"></sysprepModule></imaging><imaging exclude=""><assemblyIdentity name="Microsoft-Windows-Setup-Component" version="10.0.14393.4770" publicKeyToken="31bf3856ad364e35" processorArchitecture="amd64" versionScope="NonSxS"></assemblyIdentity><sysprepOrder order="0x0900"></sysprepOrder><sysprepModule methodName="SpSetupOnlineSettingsSpecialize" moduleName="$(runtime.system32)\oobe\winsetup.dll"></sysprepModule></imaging><imaging exclude=""><assemblyIdentity name="Microsoft-Windows-Security-Security Configuration Engine Client" version="10.0.14393.4946" publicKeyToken="31bf3856ad364e35" processorArchitecture="amd64" versionScope="NonSxS"></assemblyIdentity><sysprepOrder order="0x0600"></sysprepOrder><sysprepModule methodName="SceSysPrep" moduleName="$(runtime.system32)\scecli.dll"></sysprepModule></imaging><imaging exclude=""><assemblyIdentity name="Microsoft-Windows-Security-Security Configuration Engine Client" version="10.0.14393.4946" publicKeyToken="31bf3856ad364e35" processorArchitecture="wow64" versionScope="NonSxS"></assemblyIdentity><sysprepOrder order="0x0600"></sysprepOrder><sysprepModule methodName="SceSysPrep" moduleName="$(runtime.system32)\scecli.dll"></sysprepModule></imaging><imaging exclude=""><assemblyIdentity name="Microsoft-Windows-PnpSysprep" version="10.0.14393.5066" publicKeyToken="31bf3856ad364e35" processorArchitecture="amd64" versionScope="NonSxS"></assemblyIdentity><sysprepOrder order="0x0500"></sysprepOrder><sysprepModule methodName="Sysprep_Specialize_Pnp" moduleName="$(runtime.system32)\sppnp.dll"></sysprepModule></imaging><imaging exclude=""><assemblyIdentity name="Microsoft-Windows-WinRE-RecoveryAgent" version="10.0.14393.5127" publicKeyToken="31bf3856ad364e35" processorArchitecture="amd64" versionScope="NonSxS"></assemblyIdentity><sysprepOrder order="0x1a00"></sysprepOrder><sysprepModule methodName="WinRE_Specialize" moduleName="$(runtime.system32)\reagent.dll"></sysprepModule></imaging><imaging exclude=""><assemblyIdentity name="Microsoft-Windows-WinRE-RecoveryAgent" version="10.0.14393.5127" publicKeyToken="31bf3856ad364e35" processorArchitecture="x86" versionScope="NonSxS"></assemblyIdentity><sysprepOrder order="0x1a00"></sysprepOrder><sysprepModule methodName="WinRE_Specialize" moduleName="$(runtime.system32)\reagent.dll"></sysprepModule></imaging><imaging exclude=""><assemblyIdentity name="Microsoft-Windows-TerminalServices-RemoteConnectionManager" version="10.0.14393.5127" publicKeyToken="31bf3856ad364e35" processorArchitecture="amd64" versionScope="NonSxS"></assemblyIdentity><sysprepOrder order="0x0700"></sysprepOrder><sysprepModule methodName="RCMSysPrepRestore" moduleName="$(runtime.system32)\setup\tssysprep.dll"></sysprepModule></imaging><imaging exclude=""><assemblyIdentity name="Microsoft-Windows-TerminalServices-LocalSessionManager" version="10.0.14393.5127" publicKeyToken="31bf3856ad364e35" processorArchitecture="amd64" versionScope="NonSxS"></assemblyIdentity><sysprepOrder order="0x0800"></sysprepOrder><sysprepModule methodName="LSMSysPrepRestore" moduleName="$(runtime.system32)\setup\tssysprep.dll"></sysprepModule></imaging><imaging exclude=""><assemblyIdentity name="Microsoft-Windows-TerminalServices-RemoteConnectionManager" version="10.0.14393.5127" publicKeyToken="31bf3856ad364e35" processorArchitecture="wow64" versionScope="NonSxS"></assemblyIdentity><sysprepOrder order="0x0700"></sysprepOrder><sysprepModule methodName="RCMSysPrepRestore" moduleName="$(runtime.system32)\setup\tssysprep.dll"></sysprepModule></imaging><imaging exclude=""><assemblyIdentity name="Microsoft-Windows-TerminalServices-ClientActiveXCore" version="10.0.14393.5246" publicKeyToken="31bf3856ad364e35" processorArchitecture="amd64" versionScope="NonSxS"></assemblyIdentity><sysprepOrder order="0x0A00"></sysprepOrder><sysprepModule methodName="RdpSysPrepRestore" moduleName="$(runtime.system32)\setup\tssysprep.dll"></sysprepModule></imaging><imaging exclude=""><assemblyIdentity name="Microsoft-Windows-IIS-SharedLibraries" version="10.0.14393.5246" publicKeyToken="31bf3856ad364e35" processorArchitecture="amd64" versionScope="NonSxS"></assemblyIdentity><sysprepOrder order="0x1900"></sysprepOrder><sysprepModule methodName="IIS_Specialize" moduleName="$(runtime.system32)\inetsrv\iissyspr.dll"></sysprepModule></imaging><imaging exclude=""><assemblyIdentity name="Microsoft-Windows-TerminalServices-ClientActiveXCore" version="10.0.14393.5246" publicKeyToken="31bf3856ad364e35" processorArchitecture="x86" versionScope="NonSxS"></assemblyIdentity><sysprepOrder order="0x0A00"></sysprepOrder><sysprepModule methodName="RdpSysPrepRestore" moduleName="$(runtime.system32)\setup\tssysprep.dll"></sysprepModule></imaging><imaging exclude=""><assemblyIdentity name="Microsoft-Windows-IIS-SharedLibraries" version="10.0.14393.5246" publicKeyToken="31bf3856ad364e35" processorArchitecture="wow64" versionScope="NonSxS"></assemblyIdentity><sysprepOrder order="0x1900"></sysprepOrder><sysprepModule methodName="IIS_Specialize" moduleName="$(runtime.system32)\inetsrv\iissyspr.dll"></sysprepModule></imaging><imaging exclude=""><assemblyIdentity name="Microsoft-Windows-ServicingStack" version="10.0.14393.5285" publicKeyToken="31bf3856ad364e35" processorArchitecture="x86" versionScope="NonSxS"></assemblyIdentity><sysprepOrder order="0x1c00"></sysprepOrder><registryActions>
          <deleteValue name="DecompressOverride" path="HKEY_LOCAL_MACHINE\SOFTWARE\Microsoft\Windows\CurrentVersion\SideBySide"></deleteValue>
        </registryActions></imaging><imaging exclude=""><assemblyIdentity name="Microsoft-Windows-ServicingStack" version="10.0.14393.5285" publicKeyToken="31bf3856ad364e35" processorArchitecture="amd64" versionScope="NonSxS"></assemblyIdentity><sysprepOrder order="0x1c00"></sysprepOrder><registryActions>
          <deleteValue name="DecompressOverride" path="HKEY_LOCAL_MACHINE\SOFTWARE\Microsoft\Windows\CurrentVersion\SideBySide"></deleteValue>
        </registryActions></imaging></sysprepInformation>